{
  "accuracy": 0.9951447727626349,
  "weighted_metrics": {
    "precision": 0.9975411077161558,
    "recall": 0.9951447727626349,
    "f1_score": 0.9961346758603349
  },
  "macro_metrics": {
    "precision": 0.7457112338950396,
    "recall": 0.9110205531627386,
    "f1_score": 0.7804212990298157
  },
  "test_set_size": 282788,
  "num_classes": 15
}