{
  "accuracy": 0.9843628442508169,
  "weighted_metrics": {
    "precision": 0.9848883762334005,
    "recall": 0.9843628442508169,
    "f1_score": 0.9839679906341595
  },
  "macro_metrics": {
    "precision": 0.8501568081909622,
    "recall": 0.7140459993157483,
    "f1_score": 0.7382613470649182
  },
  "test_set_size": 282788,
  "num_classes": 15
}