{
  "accuracy": 0.9056430965953294,
  "weighted_metrics": {
    "precision": 0.9785004909500415,
    "recall": 0.9056430965953294,
    "f1_score": 0.9373312499918635
  },
  "macro_metrics": {
    "precision": 0.542682327814311,
    "recall": 0.904137084083753,
    "f1_score": 0.579281596627087
  },
  "test_set_size": 282788,
  "num_classes": 15
}