{
  "accuracy": 0.9988153669886982,
  "weighted_metrics": {
    "precision": 0.9987244204738361,
    "recall": 0.9988153669886982,
    "f1_score": 0.9987104752239563
  },
  "macro_metrics": {
    "precision": 0.865019817271881,
    "recall": 0.8387861870682587,
    "f1_score": 0.8401526785928352
  },
  "test_set_size": 282788,
  "num_classes": 15
}